<?xml version="1.0" encoding="UTF-8"?>
<metadata xml:lang="en"><Esri><CreaDate>20211120</CreaDate><CreaTime>10513800</CreaTime><ArcGISFormat>1.0</ArcGISFormat><SyncOnce>TRUE</SyncOnce><DataProperties><lineage><Process ToolSource="c:\program files (x86)\arcgis\desktop10.7\ArcToolbox\Toolboxes\Data Management Tools.tbx\CalculateField" Date="20211120" Time="105138">CalculateField COL_adm1 NL_NAME_1 "[ISO] &amp; "_ " &amp; [ID_1]" VB #</Process><Process ToolSource="c:\program files (x86)\arcgis\desktop10.7\ArcToolbox\Toolboxes\Data Management Tools.tbx\CalculateField" Date="20211120" Time="105153">CalculateField COL_adm1 NL_NAME_1 "[ISO] &amp; "_" &amp; [ID_1]" VB #</Process></lineage></DataProperties></Esri></metadata>
